url,type,timeretrieved,title
http://www.bbc.com/news/world-europe-38427411,General,25/12/2016-00:30:08,"VESNA VULOVIC, STEWARDESS WHO SURVIVED 33,000FT FALL, DIES"
http://www.timesofisrael.com/russian-plane-carrying-70-100-disappears-from-radar/,General,25/12/2016-00:30:09,PLANE FROM SOCHI TO SYRIA DISAPPEARS FROM RADAR--DEVELOPING
http://www.chicagotribune.com/entertainment/ct-carrie-fisher-heart-attack-20161223-story.html,General,25/12/2016-00:30:09,"""STAR WARS"" ACTRESS CARRIE FISHER IS IN STABLE CONDITION, HER BROTHER SAYS"
http://money.cnn.com/2016/12/19/pf/minimum-wage-increases/index.html,General,25/12/2016-00:30:09,"MINIMUM WAGE GOING UP IN 21 STATES, 22 CITIES"
http://www.lex18.com/story/34123668/tmz-carrie-fisher-has-heart-attack-on-plane,General,25/12/2016-00:30:09,CARRIE FISHER HAS HEART ATTACK ON PLANE
http://www.abc15.com/news/region-southeast-valley/chandler/deputy-finds-dog-shot-in-middle-of-the-road-pays-for-surgery,General,25/12/2016-00:30:09,MARICOPA DEPUTY SAVES PIT BULL'S LIFE TWICE
http://www.cnn.com/2016/12/24/middleeast/iraq-bartella-christmas/index.html,General,25/12/2016-00:30:09,"""CHRISTMAS REBORN IN IRAQI TOWN FREED FROM ISIS"" (CNN)"
http://www.nytimes.com/2016/12/24/world/asia/pakistan-israel-khawaja-asif-fake-news-nuclear.html,General,25/12/2016-00:30:09,"READING FAKE NEWS, PAKISTANI MINISTER DIRECTS NUCLEAR THREAT AT ISRAEL"
http://reuters.com/article/idUSKBN14B1C8?utm_source=applenews,General,25/12/2016-00:30:09,U.S. PARENTS ACCEPT CHILDREN'S TRANSGENDER IDENTITY BY AGE THREE
http://www.usmagazine.com/celebrity-news/news/joey-boots-dead-howard-sterns-wack-packer-dies-at-49-w457731,General,25/12/2016-00:30:09,"JOEY BOOTS, HOWARD STERN'S RADIO WACKPACKER, DEAD AT 49"
http://wtvr.com/2016/12/23/ikea-to-pay-50-million-to-families-of-toddlers-killed-by-dressers/?,General,25/12/2016-00:30:09,IKEA TO PAY $50 MILLION TO FAMILIES OF TODDLERS KILLED BY DRESSERS
http://money.cnn.com/2016/12/20/technology/zuckerberg-jarvis-morgan-freeman/index.html?iid=ob_homepage_deskrecommended_pool,General,25/12/2016-00:30:09,MARK ZUCKERBERG DEBUTS AI ASSISTANT VOICED BY MORGAN FREEMAN (CNN)
http://www.nbcnews.com/health/health-news/vet-catches-bird-flu-cat-new-york-n699316,General,25/12/2016-00:30:09,VET CATCHES BIRD FLU FROM A CAT IN NEW YORK
http://money.cnn.com/2016/10/26/pf/college/college-tuition-2016-2017/index.html?sr=fbCNN122516college-tuition-2016-20170400AMVODtopLink&linkId=32713241,General,25/12/2016-00:30:10,AVERAGE STATE COLLEGE TUITION ROSE 2.4% THIS YEAR
http://fox6now.com/2016/12/22/what-is-that-unidentified-unexplained-large-object-damages-mans-van-on-milwaukees-north-side/,General,25/12/2016-00:30:10,"UNIDENTIFIED, UNEXPLAINED LARGE OBJECT DAMAGES MAN’S VAN ON MILWAUKEE’S NORTH SIDE"
http://www.atlasobscura.com/articles/wwii-bomb-discovery-sparks-christmas-evacuation,General,25/12/2016-00:30:10,"WWII BOMB DISCOVERY SPARKS CHRISTMAS EVACUATION: 54,000 RESIDENTS OF AUGSBURG WILL HAVE TO LEAVE THEIR HOMES ON CHRISTMAS DAY."
http://www.cbsnews.com/news/baby-dies-in-bassinet-after-parents-suspected-drug-overdose-deaths-authorities-say/,General,25/12/2016-00:30:10,"BABY DIES IN BASSINET AFTER PARENTS' SUSPECTED DRUG OVERDOSE DEATHS, AUTHORITIES SAY"
https://apnews.com/24ae80f74e59437382128d8507293777/Russian-military-plane-with-91-aboard-missing-over-Black-Se,General,25/12/2016-00:30:10,RUSSIAN MILITARY PLANE WITH 91 ABOARD MISSING OVER BLACK SEA
http://www.bbc.co.uk/news/world-europe-38430164,General,25/12/2016-00:30:10,RUSSIAN PLANE 'DISAPPEARS FROM RADAR'
"https://apnews.com/57acbd588ea54782a470d79e6fe815fe/Family:-NYPD-raided-home-by-mistake,-posted-Snapchat-photos",General,25/12/2016-00:30:10,"FAMILY: NYPD RAIDED HOME BY MISTAKE, POSTED SNAPCHAT PHOTOS"
http://www.usatoday.com/story/news/world/2016/12/24/nigeria-boko-haram-crushed-forced-out-last-enclave/95822022/,General,25/12/2016-00:30:10,"NIGERIA: BOKO HARAM CRUSHED, FORCED OUT OF LAST ENCLAVE"
http://abcnews.go.com/US/early-christmas-gift-baby-delivered-roadside-state-trooper/story?id=44386525,General,25/12/2016-00:30:10,EARLY CHRISTMAS GIFT: BABY DELIVERED ROADSIDE BY STATE TROOPER
http://money.cnn.com/2016/12/19/technology/china-elevated-bus-teb/index.html?sr=fbCNN122516china-elevated-bus-teb0430AMVODtopLink&linkId=32632378,General,25/12/2016-00:30:10,CHINA'S FAMOUS ELEVATED BUS IS NOW JUST A GIANT ROADBLOCK
http://money.cnn.com/2016/12/23/news/lockheed-martin-trump-response/,General,25/12/2016-00:30:10,LOCKHEED MARTIN CEO MARILLYN HEWSON PROMISES TRUMP SHE'LL CUT F-35 COSTS
http://www.cnn.com/2016/12/25/asia/russian-military-jet-disappears/index.html,General,25/12/2016-00:30:10,"RUSSIAN MILITARY PLANE DISAPPEARS FROM RADAR, 91 ON BOARD."
http://www.timesofisrael.com/jerusalem-rabbis-instruct-hotels-to-drop-christmas-trees/,General,25/12/2016-00:30:12,ISRAELI STATE RABBIS SEND LETTER TO JERUSALEM HOTELS THREATENING AGAINST THE DISPLAY OF CHRISTMAS TREES
http://www.independent.ie/entertainment/music/status-quo-guitarist-rick-parfitt-has-died-in-hospital-in-spain-35319431.html,General,25/12/2016-00:30:12,STATUS QUO GUITARIST RICK PARFITT HAS DIED IN HOSPITAL IN SPAIN
https://apnews.com/bee64677ffbf4d968b05692a0d86d877,General,25/12/2016-00:30:12,"NIGERIA: BOKO HARAM IS CRUSHED, FORCED OUT OF LAST ENCLAVE"
http://www.couriermail.com.au/news/queensland/crime-and-justice/queensland-crime-man-tortured-for-20-hours-after-trying-to-buy-motorcycle/news-story/abea7eda12e9b879e8416fcc74b717bf,General,25/12/2016-00:30:12,QUEENSLAND CRIME: MAN TORTURED FOR 20 HOURS AFTER TRYING TO BUY MOTORCYCLE
https://www.theguardian.com/business/2016/dec/22/bitcoin-circulation-hits-record-high-of-14bn,General,25/12/2016-00:30:12,VALUE OF BITCOINS IN CIRCULATION HITS RECORD HIGH OF $14BN
http://www.bbc.com/news/world-us-canada-38429496?ns_mchannel=social&ns_campaign=bbc_breaking&ns_source=twitter&ns_linkname=news_central,General,25/12/2016-00:30:12,TRUMP TO DISSOLVE CONTROVERSIAL CHARITY
http://www.reuters.com/article/us-usa-crime-starvation-idUSKBN14D0G6,General,25/12/2016-00:30:12,"PENNSYLVANIA PARENTS ACCUSED OF STARVING, ABUSING THREE CHILDREN"
http://www.latinpost.com/articles/124210/20160922/dianey-santos-mom-of-two-girls-shot-dead-at-bus-stop-in-june-now-la-police-announce-50-000-reward.htm,General,25/12/2016-00:30:12,"DIANEY SANTOS, MOM OF TWO GIRLS, SHOT DEAD AT BUS STOP IN JUNE; NOW, LA POLICE ANNOUNCE $50,000 REWARD"
http://www.bbc.com/news/world-africa-38427469,General,25/12/2016-00:30:12,BERLIN MARKET ATTACK: TUNISIA ARRESTS SUSPECT AMRI'S NEPHEW
https://www.theguardian.com/world/2016/dec/24/terminally-ill-dutch-child-raises-2m-with-nail-painting-challenge,General,25/12/2016-00:30:12,TERMINALLY ILL DUTCH CHILD RAISES £2M WITH NAIL-PAINTING CHALLENGE
http://calgaryherald.com/news/crime/balloon-man-who-flew-over-calgary-strapped-to-lawn-chair-pleads-guilty,General,25/12/2016-00:30:12,BALLOON MAN WHO FLEW OVER CALGARY STRAPPED TO LAWN CHAIR PLEADS GUILTY
http://www.sfgate.com/news/bayarea/article/Political-Consultant-Pleads-Guilty-To-Child-10816824.php,General,25/12/2016-00:30:12,POLITICAL CONSULTANT PLEADS GUILTY TO CHILD PORNOGRAPHY CHARGES
http://www.abcfoxmontana.com/story/34125544/armed-protest-planned-for-whitefish,General,25/12/2016-00:30:12,ARMED PROTEST PLANNED FOR WHITEFISH
http://www.sfgate.com/crime/article/Family-of-Oakland-Ghost-Ship-fire-victim-to-file-10816035.php,General,25/12/2016-00:30:12,FAMILIES OF 2 OAKLAND WAREHOUSE FIRE VICTIMS FILE 1ST LAWSUITS
http://www.ajc.com/news/local/former-officer-sentenced-life-another-months-prison/UHYcVcYIa2pEGdprkJW85N/,General,25/12/2016-00:30:12,"FORMER OFFICER SENTENCED TO LIFE, ANOTHER TO 18 MONTHS IN PRISON"
http://www.ndtv.com/world-news/minnesota-pastor-beat-boy-12-with-electrical-cord-because-child-wanted-to-test-god-police-say-1640943,General,25/12/2016-00:30:12,"MINNESOTA PASTOR BEAT BOY, 12, WITH ELECTRICAL CORD BECAUSE CHILD 'WANTED TO TEST GOD,' POLICE SAY"
http://www.msn.com/en-us/news/world/celebrated-afghan-woman-pilot-requests-asylum-in-us/ar-BBxw1wv?li=BBmkt5R&ocid=spartandhp,General,25/12/2016-00:30:12,CELEBRATED AFGHAN WOMAN PILOT REQUESTS ASYLUM IN U.S.
https://www.bloomberg.com/news/articles/2016-12-23/gm-s-china-car-unit-slapped-with-29-million-antitrust-penalty,General,25/12/2016-00:30:12,CHINA SLAPS GM WITH $29 MILLION FINE AMID GROWING TENSIONS
http://www.nj.com/bergen/index.ssf/2016/12/infant_dropped_by_babysitter_dies_of_injuries.html#incart_river_index,General,25/12/2016-00:30:12,"3 MONTH OLD DROPPED BY BABYSITTER, PUT ON LIFE SUPPORT, PASSED AWAY 3 DAYS LATER."
http://news.softpedia.com/news/microsoft-admits-it-went-too-far-with-aggressive-windows-10-updates-511245.shtml,General,25/12/2016-00:30:12,MICROSOFT ADMITS IT “WENT TOO FAR” WITH AGGRESSIVE WINDOWS 10 UPDATES
https://www.bloomberg.com/news/articles/2016-12-25/russian-military-plane-with-91-people-disappears-interfax-says,General,25/12/2016-00:30:12,"RUSSIAN MILITARY PLANE WITH 91 PEOPLE DISAPPEARS, INTERFAX SAYS"
http://www.foxnews.com/world/2016/12/24/order-malta-to-pope-francis-stay-out-our-internal-affairs.html,General,25/12/2016-00:30:12,ORDER OF MALTA TO POPE FRANCIS: STAY OUT OF OUR INTERNAL AFFAIRS
http://www.timesofisrael.com/hamas-welcomes-un-vote-on-israel-settlements/,General,25/12/2016-00:30:12,"HAMAS WELCOMES UN VOTE ON ISRAEL SETTLEMENTS - ISLAMIC JIHAD ALSO CELEBRATES SECURITY COUNCIL RESOLUTION, SAYING IT WILL LEAD TO ISRAEL’S ‘ISOLATION’ AND ‘BOYCOTT’"
http://ktla.com/2016/12/07/n-c-firefighter-admitted-to-starting-blazes-so-he-could-be-paid-to-extinguish-them/,General,25/12/2016-00:30:12,N.C. FIREFIGHTER ADMITTED TO STARTING BLAZES SO HE COULD BE PAID TO EXTINGUISH THEM
https://apnews.com/eb9d904e19924f97a0ef855f8c0ab7f9/Coroner:-Baby-died-days-after-parents'-suspected-overdoses,General,25/12/2016-00:30:12,BABY DIES DAYS AFTER PARENTS' SUSPECTED DRUG OVERDOSE DEATHS
https://www.airforcetimes.com/articles/wyche-squadron-commander-reassigned,General,25/12/2016-00:30:14,SQUADRON COMMANDER REASSIGNED AFTER CHIEF'S DRUNK DRIVING ARREST
http://www.nbcchicago.com/news/local/Something-Terrible-is-Going-to-Happen-Police-Investigate-After-Cards-Found-on-Hundreds-of-Cars-in-Chicago-Suburbs-407965345.html?_osource=SocialFlowFB_CHBrand,General,25/12/2016-00:30:14,'SOMETHING TERRIBLE IS GOING TO HAPPEN': POLICE INVESTIGATE AFTER CARDS FOUND ON HUNDREDS OF CARS IN CHICAGO SUBURBS
http://www.wlox.com/story/34124500/nasa-climate-scientist-and-astronaut-sellers-dies-at-61?utm_source=dlvr.it&utm_medium=twitter,General,25/12/2016-00:30:14,NASA CLIMATE SCIENTIST AND ASTRONAUT SELLERS DIES AT 61
http://www.telegraph.co.uk/news/2016/12/24/one-dead-dozens-injured-new-zealand-bus-crash-onchristmas-eve/,General,25/12/2016-00:30:14,"ONE DEAD, DOZENS INJURED IN NEW ZEALAND BUS CRASH ON CHRISTMAS EVE"
https://www.bloomberg.com/news/articles/2016-12-16/boeing-says-china-plane-orders-support-150-000-u-s-jobs-a-year,General,25/12/2016-00:30:14,"BOEING SAYS CHINA PLANE ORDERS SUPPORT 150,000 U.S. JOBS A YEAR"
http://www.katc.com/story/34127000/baton-rouge-man-gets-51-months-for-threatening-monroe-judge,General,25/12/2016-00:30:14,BATON ROUGE MAN GETS 51 MONTHS FOR THREATENING MONROE JUDGE
http://www.reuters.com/article/us-philippines-blast-idUSKBN14D0GE,General,25/12/2016-00:30:14,SIXTEEN HURT IN CHRISTMAS EVE BLAST AT CATHOLIC CHURCH IN PHILIPPINES
https://www.washingtonpost.com/world/asia_pacific/chinas-1st-aircraft-carrier-heads-for-western-pacific/2016/12/25/23ec5a82-ca60-11e6-acda-59924caa2450_story.html?utm_term=.030001e1645d,General,25/12/2016-00:30:14,CHINA'S 1ST AIRCRAFT CARRIER HEADS FOR WESTERN PACIFIC
http://www.city-journal.org/html/ferguson-effect-lives-14919.html,General,25/12/2016-00:30:14,"THE FERGUSON EFFECT LIVES ON. VIOLENCE IN AMERICAN CITIES ROSE AGAIN IN 2016, AS COPS BACKED OFF PROACTIVE POLICING."
http://www.cnn.com/2016/12/25/asia/russian-military-jet-disappears/index.html?adkey=bn,General,25/12/2016-00:30:14,RUSSIAN MILITARY PLANE DISAPPEARS FROM RADAR
http://www.wdrb.com/story/34123704/cornbread-mafia-fugitive-found-in-canada-after-nearly-a-decade,General,25/12/2016-00:30:14,'CORNBREAD MAFIA' FUGITIVE FOUND IN CANADA AFTER NEARLY A DECADE
https://www.thestar.com/news/world/2016/12/23/libyan-plane-carrying-118-hijacked-and-diverted-to-malta-reports.html,General,25/12/2016-00:30:14,HIJACKERS SURRENDER AFTER RELEASING HOSTAGES AT MALTA AIRPORT | TORONTO STAR
http://www.cnn.com/2016/12/23/health/college-course-white-controversy-irpt-trnd,General,25/12/2016-00:30:14,SCHOOL DEFENDS 'PROBLEM OF WHITENESS' COURSE
http://www.nbcphiladelphia.com/news/local/Strong-Sulfur-Odor-Sweeps-Through-Philadelphia-408111585.html,General,25/12/2016-00:30:14,SULFUR STENCH ENVELOPS PHILLY AREA AFTER ADDITIVE MISHAP
http://www.wtsp.com/news/health/holiday-stressers-cause-spike-in-heart-attacks/377652321,General,25/12/2016-00:30:14,HOLIDAY STRESSORS CAUSE SPIKE IN HEART ATTACKS
http://www.taiwannews.com.tw/en/news/3057566,General,25/12/2016-00:30:14,TAIWAN TELLS SCHOOL TO APOLOGIZE TO ISRAEL OVER NAZI UNIFORMS
http://talkasia.net/2016/12/24/woman-arrested-for-giving-birth-to-illegitimate-baby-in-uae/,General,25/12/2016-00:30:14,WOMAN ARRESTED FOR GIVING BIRTH TO ‘ILLEGITIMATE’ BABY IN UAE
https://www.yahoo.com/news/pennsylvania-parents-accused-starving-abusing-three-children-170116833.html,General,25/12/2016-00:30:14,"PENNSYLVANIA PARENTS ACCUSED OF STARVING, ABUSING THREE CHILDREN"
http://www.reuters.com/article/us-usa-weather-idUSKBN14C0NL,General,25/12/2016-00:30:14,SNOW STORM BEARS DOWN ON WESTERN U.S. AS HOLIDAY TRAVELERS HIT THE ROADS
http://www.rrstar.com/news/20161224/3-children-1-dog-found-dead-in-rockford-house-fire,General,25/12/2016-00:30:14,"3 CHILDREN, 1 DOG FOUND DEAD IN ROCKFORD HOUSE FIRE"
http://www.reuters.com/article/us-hedgefunds-platinum-idUSKBN14D0FP?il=0,General,25/12/2016-00:30:14,PLATINUM PARTNERS ARRESTS ARE SCANT CONSOLATION FOR ALLEGED VICTIMS
https://www.washingtonpost.com/news/morning-mix/wp/2016/12/23/four-sentenced-in-almost-indescribable-kidnapping-torture-of-n-y-college-students/?utm_term=.7a2e95dc58d1,General,25/12/2016-00:30:14,"FOUR SENTENCED IN ‘ALMOST INDESCRIBABLE’ KIDNAPPING, TORTURE OF N.Y. COLLEGE STUDENTS"
http://www.stripes.com/news/us/beale-afb-officials-mum-on-outcome-of-court-martial-over-rape-allegations-1.445987,General,25/12/2016-00:30:14,BEALE AFB OFFICIALS MUM ON OUTCOME OF COURT MARTIAL OVER RAPE ALLEGATIONS
http://www.thetower.org/4343-palestinian-band-warns-jews-to-flee-tel-aviv-or-else-your-body-parts-will-be-collected/,General,25/12/2016-00:30:14,PALESTINIAN BAND WARNS JEWS TO FLEE TEL AVIV “OR ELSE YOUR BODY PARTS WILL BE COLLECTED”
http://www.npr.org/2016/12/23/506653136/radios-diane-rehm-a-mainstay-of-civil-discourse-signs-off,General,25/12/2016-00:30:14,"AFTER 38 YEARS ON NPR, DIANE REHM AIRS HER LAST BROADCAST TODAY"
http://www.nbclosangeles.com/news/national-international/Police-Officers-2-Year-Old-Son-Shot-Himself-With-Dads-Gun--408066305.html?_osource=SocialFlowTwt_LABrand,General,25/12/2016-00:30:16,POLICE: OFFICER'S 2-YEAR-OLD SON SHOT HIMSELF WITH DAD'S GUN
http://www.cbsnews.com/news/drug-overdose-deaths-heroin-opioid-prescription-painkillers-more-than-guns/,General,25/12/2016-00:30:16,DRUG OVERDOSES NOW KILL MORE AMERICANS THAN GUNS.
http://www.dailynews.com/health/20161223/more-measles-cases-in-la-county-reported-health-officials-declare-outbreak,General,25/12/2016-00:30:16,"MORE MEASLES CASES IN LA COUNTY REPORTED, HEALTH OFFICIALS DECLARE OUTBREAK."
http://www.bbc.co.uk/news/world-europe-38430164,General,25/12/2016-00:30:16,RUSSIAN PLANE 'DISAPPEARS FROM RADAR'
http://www.telegraph.co.uk/news/2016/12/23/fbi-warns-islamic-state-targeting-us-churches-holiday-gatherings/,General,25/12/2016-00:30:16,FBI WARNS ISLAMIC STATE TARGETING US CHURCHES AND HOLIDAY GATHERINGS
http://www.myrtlebeachonline.com/news/local/article122828784.html,General,25/12/2016-00:30:16,COMMUNITY MOURNS THREE TEENAGE GIRLS KILLED IN BAY ROAD CRASH
http://www.fox25boston.com/news/zamboni-crashes-at-boston-winter-skating-rink/478435556,General,25/12/2016-00:30:16,ZAMBONI CRASH THROUGH FENCE AND DOWN THE STAIRS
http://www.mlive.com/news/index.ssf/2016/12/why_nestle_pays_next_to_nothin.html,General,25/12/2016-00:30:16,WHY NESTLE PAYS NEXT TO NOTHING FOR MICHIGAN GROUNDWATER
http://www.cbc.ca/news/canada/north/wrapping-paper-famine-hits-yellowknife-just-before-christmas-1.3911686,General,25/12/2016-00:30:16,WRAPPING PAPER SHORTAGE IN THE NORTH
http://amp.timeinc.net/time/4617295/china-smog-smoking-environment-air-pollution/?source=dam,General,25/12/2016-00:30:16,"CHINA’S SMOG MAY BE RESPONSIBLE FOR 1 IN 3 DEATHS IN THE COUNTRY, NEW RESEARCH SUGGESTS"
http://www.abc15.com/news/crime/isis-sympathizer-in-phoenix-was-plotting-a-lone-wolf-attack,General,25/12/2016-00:30:16,ISIS SYMPATHIZER IN PHOENIX WAS PLOTTING A LONE WOLF ATTACK
http://www.aljazeera.com/news/2016/12/passes-resolution-israeli-settlements-161223192709807.html,General,25/12/2016-00:30:16,UN PASSES RESOLUTION ON ENDING ISRAELI SETTLEMENTS. 14 UN SECURITY COUNCIL MEMBERS VOTE IN FAVOUR AS US ABSTAINS IN DEMANDING ISRAEL HALT SETTLEMENTS ON PALESTINIAN LAND.
http://abcnews.go.com/US/wireStory/appeals-court-tosses-life-sentence-15-theft-44373388,General,25/12/2016-00:30:16,APPEALS COURT TOSSES LIFE SENTENCE FOR $15 THEFT
http://www.essex-fire.gov.uk/incidents/i6422/#585e359b33e06,General,25/12/2016-00:30:16,FATAL HOUSE FIRE - A REMINDER TO OTHERS TAKE CARE WITH CANDLES THIS TIME OF YEAR.
http://www.fox5atlanta.com/news/225350409-story?utm_source=dlvr.it&utm_medium=twitter,General,25/12/2016-00:30:16,RIC FLAIR SWORN IN AS CLAYTON COUNTY DEPUTY
http://www.borderlandbeat.com/2016/12/10-years-of-mexicos-war-on-drugs-in.html,General,25/12/2016-00:30:16,"10 YEARS OF MEXICO'S WAR ON DRUGS, 150000+ DEAD"
http://www.cnbc.com/2016/12/23/fbi-probes-fdic-hack-linked-to-chinas-military-sources.html,General,25/12/2016-00:30:16,FBI PROBES FDIC HACK LINKED TO CHINA'S MILITARY: SOURCES
http://www.cbsnews.com/news/gene-anthony-quinones-rivera-cops-dad-admits-killing-infant-leaving-body-in-woods/,General,25/12/2016-00:30:16,"COPS: DAD CONFESSES TO KILLING INFANT, LEAVING BODY IN WOODS"
http://www.timesofisrael.com/choosing-not-to-veto-obama-lets-anti-settlement-resolution-pass-at-un-security-council/,General,25/12/2016-00:30:16,"CHOOSING NOT TO VETO, OBAMA LETS ANTI-SETTLEMENT RESOLUTION PASS AT UN SECURITY COUNCIL"
http://www.9news.com/ext/news/nation-now/fbi-exgymnastics-team-doctor-had-37k-child-porn-images/73/6MXgbPUFckiOosWEo6SOGa,General,25/12/2016-00:30:16,FBI: EX-GYMNASTICS TEAM DOCTOR HAD 37K CHILD PORN IMAGES
http://www.latimes.com/local/lanow/la-me-ln-shasta-gas-station-burned-20161223-story.html,General,25/12/2016-00:30:16,KILLER DOUSED GAS STATION CLERK IN FLAMMABLE LIQUID AND THEN BURNED HIM
https://gma.yahoo.com/suspect-road-rage-killing-3-old-boy-said-220104775--abc-news-topstories.html#,General,25/12/2016-00:30:16,SUSPECT IN ROAD RAGE KILLING OF 3-YEAR-OLD BOY SAID CAR WAS FOLLOWING TOO CLOSE
http://pix11.com/2016/12/22/police-find-55-pounds-of-fentanyl-in-traffic-stop-in-connecticut/,General,25/12/2016-00:30:16,POLICE FIND 55 POUNDS OF FENTANYL IN TRAFFIC STOP IN CONNECTICUT.
http://www.seattlepi.com/news/education/article/Lawsuit-Washington-teacher-had-sex-with-10817481.php,General,25/12/2016-00:30:16,LAWSUIT: WASHINGTON TEACHER HAD SEX WITH 18-YEAR-OLD STUDENT
http://abc7news.com/news/first-civil-lawsuits-filed-in-ghost-ship-warehouse-fire--/1670353/,General,25/12/2016-00:30:16,FIRST CIVIL LAWSUITS FILED IN OAKLAND GHOST SHIP WAREHOUSE FIRE
http://www.9news.com/news/local/report-finds-blacks-disproportionately-arrested-in-colorado/377386544,General,25/12/2016-00:30:18,REPORT FINDS BLACKS DISPROPORTIONATELY ARRESTED IN COLORADO
http://www.espn.com/nfl/story/_/id/18341736/minnesota-vikings-plane-skids-runway-safe-landing,General,25/12/2016-00:30:18,MINNESOTA VIKINGS PLANE SLIDES OFF RUNWAY
https://www.washingtonpost.com/national/for-women-heavy-drinking-has-been-normalized-thats-dangerous/2016/12/23/0e701120-c381-11e6-9578-0054287507db_story.html?hpid=hp_hp-top-table-main_bigvino-12pm%3Ahomepage%2Fstory&utm_term=.772bfab26cd0,General,25/12/2016-00:30:18,"FOR WOMEN, HEAVY DRINKING HAS BEEN NORMALIZED. THAT’S DANGEROUS."
http://abcnews.go.com/Entertainment/wireStory/backlash-kicked-rockettes-picked-inauguration-44367911,General,25/12/2016-00:30:18,ROCKETTES' OWNERS SAY ATTENDANCE AT INAUGURATION IS A CHOICE
http://www.usatoday.com/story/news/nation-now/2016/12/21/4-bodies-nicholas-tartaglione/95687736/,General,25/12/2016-00:30:18,4 BODIES FOUND AT PROPERTY OF RETIRED N.Y. COP
https://apnews.com/f8e9d98928db41d18f3f12385a3cb0b2,General,25/12/2016-00:30:18,"OBAMA SIGNS DEFENSE POLICY BILL, OBJECTS ON GUANTANAMO"
https://www.yahoo.com/gma/tennessee-couple-dies-just-hours-apart-nearly-64-045539728--abc-news-topstories.html#,General,25/12/2016-00:30:18,COUPLE DIES HOURS APART AFTER 64 YEARS OF MARRIAGE
http://www.wbtv.com/story/34109723/revised-mo-statute-increases-punishment-on-grade-school-fights,General,25/12/2016-00:30:18,"NEW MISSOURI LAW MAKES GRADE SCHOOL FIGHTS A FELONY, RESULTING IN UP TO A 4 YEAR SENTENCE"
http://www.omaha.com/news/crime/man-dies-after-being-shot-during-suspected-robbery-at-millard/article_5e6abef0-c96c-11e6-8e50-138ef248854d.html,General,25/12/2016-00:30:18,2 MEN WEARING CLOWN MASK GUN DOWN OMAHA MAN IN ATTEMPTED ROBBERY.
http://www.nbcnews.com/news/us-news/ex-lottery-security-chief-charged-rigging-wisconsin-jackpot-n699556,General,25/12/2016-00:30:18,EX-LOTTERY SECURITY CHIEF CHARGED WITH RIGGING WISCONSIN JACKPOT
https://www.theguardian.com/world/live/2016/dec/23/berlin-market-attack-suspect-anis-amri-killed-in-milan-reports-say-live-coverage,General,25/12/2016-00:30:18,"BERLIN MARKET ATTACK SUSPECT KILLED IN MILAN, REPORTS SAY"
http://abc11.com/news/reports-of-multiple-people-shot-and-killed-in-wilson-county/1671884/,General,25/12/2016-00:30:18,FOUR PEOPLE SHOT AND KILLED IN WILSON COUNTY
http://www.cnn.com/videos/tv/2016/12/23/fbi-issues-warning-on-isis-threats-in-u-s-lead-perez-live.cnn,General,25/12/2016-00:30:18,FBI WARNS ABOUT ISIS THREAT TO CHURCHES
https://www.yahoo.com/news/teddy-bear-takes-detroit-airport-adventure-being-found-165438396.html,General,25/12/2016-00:30:18,TEDDY BEAR TAKES DETROIT AIRPORT ADVENTURE AFTER BEING FOUND
http://www.cnbc.com/2016/12/22/the-biggest-hedge-fund-in-the-world-is-creating-a-secret-algorithm-to-automate-management.html,General,25/12/2016-00:30:18,THE WORLD'S BIGGEST HEDGE FUND IS CREATING A SECRET ALGORITHM TO AUTOMATE MANAGEMENT
http://www.cbc.ca/news/canada/newfoundland-labrador/stjohns-looks-for-more-cardboard-to-be-recycled-1.3909248,General,25/12/2016-00:30:18,"'TIS THE SEASON TO RECYCLE? ST. JOHN'S LAUNCHES #DEBOXINGDAY - NEWFOUNDLAND & LABRADOR, CANADA"
https://www.yahoo.com/news/brazil-sees-murders-soar-rio-drop-sao-paulo-184146886.html,General,25/12/2016-00:30:18,"HOMICIDES CLAIMED MORE LIVES IN BRAZIL FROM 2011 TO 2015 THAN THE SYRIAN CIVIL WAR DURING THE SAME PERIOD, ACCORDING TO THE BRAZILIAN PUBLIC SECURITY FORUM: 278,839 FOR BRAZIL, AGAINST 256,124 IN SYRIA."
http://bigstory.ap.org/article/1c2e6b52f237492bbbe8ca25a3cf5e56/california-pursues-new-pimping-charges-against-backpagecom,General,25/12/2016-00:30:18,CALIFORNIA PURSUES NEW PIMPING CHARGES AGAINST BACKPAGE.COM
http://www.independent.co.uk/news/world/americas/pregnant-waitress-900-tip-christmas-arizona-sarah-clark-a7493246.html,General,25/12/2016-00:30:18,PREGNANT WAITRESS GETS $900 TIP JUST DAYS BEFORE CHRISTMAS
http://www.bbc.co.uk/news/world-us-canada-38423942,General,25/12/2016-00:30:18,TRUMP OFFICIAL PALADINO UNDER FIRE OVER CRUDE OBAMA REMARKS
https://fee.org/articles/at-new-highs-bitcoin-is-a-global-safe-haven-asset/,General,25/12/2016-00:30:18,"AT NEW HIGHS, BITCOIN IS A GLOBAL SAFE HAVEN ASSET | FEE"
http://bigstory.ap.org/article/35acbb4e1d334d35b4cc0db05be6dec8/alaskas-bogoslof-volcano-aleutian-islands-erupts-again,General,25/12/2016-00:30:18,ALASKA'S BOGOSLOF VOLCANO IN ALEUTIAN ISLANDS ERUPTS AGAIN
https://www.cnet.com/news/worlds-first-solar-road-opens-in-france/,General,25/12/2016-00:30:18,WORLD'S FIRST SOLAR ROAD OPENS IN FRANCE
http://www.livescience.com/57298-worlds-oldest-gorilla-turns-60.html?,General,25/12/2016-00:30:18,THE FIRST GORILLA BORN IN HUMAN CARE TURNED 60 TODAY (DEC. 22) AT HER HOME IN THE COLUMBUS ZOO AND AQUARIUM IN OHIO.
https://www.hrw.org/news/2016/12/23/yemen-brazil-made-cluster-munitions-harm-civilians,General,25/12/2016-00:30:18,YEMEN: BRAZIL-MADE CLUSTER MUNITIONS HARM CIVILIANS
http://www.foxnews.com/us/2016/12/22/video-shows-texas-officer-forcibly-arresting-woman-daughter.html,General,25/12/2016-00:30:20,"TEXAS OFFICER ON RESTRICTED DUTY AFTER VIDEO SHOWS FORCIBLE ARRESTS OF MOTHER, DAUGHTER"
http://www.npr.org/sections/thetwo-way/2016/12/22/506629695/trump-team-asks-state-dept-to-name-those-working-on-gender-equality,General,25/12/2016-00:30:20,TRUMP TEAM ASKS STATE DEPT. TO NAME THOSE WORKING ON GENDER EQUALITY
http://www.detroitnews.com/story/news/local/michigan/2016/12/21/snyder-signs-historic-energy-plan-law/95705658/,General,25/12/2016-00:30:20,MICHIGAN PASSES LAW REQUIRING UTILITIES TO BUY OR PRODUCE AT LEAST 15 PERCENT OF THEIR ENERGY FROM RENEWABLE SOURCES BY 2022
http://www.aljazeera.com/news/2016/12/egypt-arrests-al-jazeera-news-producer-vacation-161223171209633.html,General,25/12/2016-00:30:20,EGYPT ARRESTS AL JAZEERA NEWS PRODUCER DURING VACATION. SECURITY OFFICIALS SAY MAHMOUD HUSSEIN IS ACCUSED OF ATTEMPTING TO OVERTHROW PRESIDENT ABDEL FATAH EL-SISI'S GOVERNMENT.
http://www.csmonitor.com/World/Making-a-difference/2016/1222/This-woman-has-helped-more-than-4-500-disabled-people-get-jobs,General,25/12/2016-00:30:20,"THIS WOMAN HAS HELPED MORE THAN 4,500 DISABLED PEOPLE GET JOBS"
http://www.cbc.ca/news/canada/montreal/dog-meat-montreal-saved-1.3910596,General,25/12/2016-00:30:20,"SAVED FROM DOG MEAT FESTIVAL, 37 DOGS EN ROUTE TO MONTREAL"
http://www.wifr.com/content/news/Roscoe-boys-unusual-Christmas-wish-catches-the-attention-of-Gustafsons-Furniture-407974845.html,General,25/12/2016-00:30:20,AUTISTIC ROSCOE BOY'S UNUSUAL CHRISTMAS WISH CATCHES THE ATTENTION OF GUSTAFSON'S FURNITURE
http://www.cantonrep.com/news/20161221/stark-man-guilty-of-tainting-womans-orange-juice,General,25/12/2016-00:30:20,MAN MASTURBATES IN WOMAN'S BOTTLE OF ORANGE JUICE. CAUGHT ON SECURITY CAMERA.
http://www.seattletimes.com/seattle-news/environment/another-puget-sound-killer-whale-dies-5th-in-past-year/,General,25/12/2016-00:30:20,ANOTHER PUGET SOUND ORCA DIES — 5TH IN A YEAR
https://www.washingtonpost.com/news/to-your-health/wp/2016/12/22/can-a-hearing-test-identify-a-concussion/,General,25/12/2016-00:30:20,A HEARING TEST MAY BE ABLE TO IDENTIFY A CONCUSSION
http://www.digitaltrends.com/cars/uber-moves-autonomous-cars-to-az-news-details-quotes/,General,25/12/2016-00:30:20,UBER MOVES ITS SELF-DRIVING CARS TO ARIZONA TO ESCAPE CALIFORNIA REGULATORS
https://financialtribune.com/articles/economy-business-and-markets/56003/private-sector-integral-to-sustainable-economic-growth,General,25/12/2016-00:30:20,PRIVATE SECTOR INTEGRAL TO SUSTAINABLE ECONOMIC GROWTH
https://www.thelocal.de/20161223/live-police-believe-suspect-amri-still-in-berlin-report,General,25/12/2016-00:30:20,ISIS RELEASE VIDEO OF ANIS AMRI SWEARING THEM HIS ALLEGIANCE
https://www.washingtonpost.com/local/public-safety/a-street-sale-of-jordan-shoes-erupts-in-gunfire/2016/11/16/ab866814-ac0d-11e6-a31b-4b6397e625d0_story.html?utm_term=.adf0a6ed1884,General,25/12/2016-00:30:20,A STREET SALE OF JORDAN SHOES ERUPTS IN GUNFIRE
http://www.nzherald.co.nz/world/news/article.cfm?c_id=2&objectid=11772679,General,25/12/2016-00:30:20,"RUSSIAN MAN DRIVES INTO AIRPORT, SAYS HE DID IT FOR LOVE"
http://nbc4i.com/2016/12/23/cleveland-police-officers-2-year-old-son-dies-after-shooting-himself/,General,25/12/2016-00:30:20,CLEVELAND POLICE OFFICER'S 2-YEAR-OLD SON DIES AFTER REPORTEDLY SHOOTING HIMSELF WITH FATHER’S SERVICE WEAPON
http://www.chron.com/news/us/article/The-Latest-Trucker-in-standoff-at-Missouri-rest-10815811.php,General,25/12/2016-00:30:20,THE LATEST: TRUCKER ARRESTED AFTER MISSOURI FREEWAY STANDOFF
http://www.king5.com/tech/science/environment/drone-video-shows-orcas-killing-shark/376306698,General,25/12/2016-00:30:20,DRONE VIDEO SHOWS ORCAS KILLING SHARK
http://www.belfasttelegraph.co.uk/news/world-news/black-man-daryl-davis-convinces-200-ku-klux-klansmen-to-leave-white-supremacist-group-by-befriending-them-35315250.html,General,25/12/2016-00:30:20,BLACK MAN DARYL DAVIS CONVINCES 200 KU KLUX KLANSMEN TO LEAVE WHITE SUPREMACIST GROUP BY BEFRIENDING THEM
http://www.msn.com/en-us/money/markets/meet-the-chinese-billionaire-whos-moving-manufacturing-to-the-us-to-cut-costs/ar-BBxr39m?li=BBmkt5R&ocid=spartandhp,General,25/12/2016-00:30:20,MEET THE CHINESE BILLIONAIRE WHO'S MOVING MANUFACTURING TO THE U.S. TO CUT COSTS
http://porashuna.net/jsc-result-2016-bangladesh/,General,25/12/2016-00:30:20,JSC RESULT 2016 WILL BE PUBLISHED WITHIN FEW DAYS
http://ktla.com/2016/12/23/husband-suspected-of-slitting-throats-of-wife-infant-son-at-texas-home-arrested-in-colorado/,General,25/12/2016-00:30:20,"HUSBAND SUSPECTED OF SLITTING THROATS OF WIFE, INFANT SON AT TEXAS HOME ARRESTED IN COLORADO"
http://www.usatoday.com/story/money/2016/12/21/mcdonalds-sued-because-extra-value-meal-41-cents-more/95697780/,General,25/12/2016-00:30:20,MCDONALD'S SUED BECAUSE 'EXTRA VALUE MEAL' IS 41 CENTS MORE
http://www.reuters.com/article/us-usa-cyber-china-exclusive-idUSKBN14C1UJ?feedType=RSS&feedName=topNews&utm_source=twitter&utm_medium=Social,General,25/12/2016-00:30:20,"THE FBI IS INVESTIGATING HOW HACKERS INFILTRATED COMPUTERS AT THE FEDERAL DEPOSIT INSURANCE CORPORATION FOR SEVERAL YEARS BEGINNING IN 2010 IN A BREACH SENIOR FDIC OFFICIALS BELIEVE WAS SPONSORED BY CHINA'S MILITARY, PEOPLE WITH KNOWLEDGE OF THE MATTER SAID."
http://bigstory.ap.org/article/e07057c8e863431abf7472d8da0e11a0/after-online-threats-gaming-engineer-plans-run-congress,General,25/12/2016-00:30:20,"AFTER ONLINE THREATS, GAMING ENGINEER PLANS RUN FOR CONGRESS"
http://www.timesofmalta.com/articles/view/20161223/local/hijacked-libyan-plane-lands-in-malta.634664,General,25/12/2016-00:30:23,'HIJACKED' LIBYAN PLANE LANDS IN MALTA
http://arstechnica.com/science/2016/12/medical-marijuana-laws-linked-to-fewer-fatal-car-crashes/,General,25/12/2016-00:30:23,STATES THAT ENACT MEDICAL MARIJUANA LAWS SEE DIPS IN FATAL CAR CRASHES
http://www.cbc.ca/beta/news/canada/prince-edward-island/excavator-stops-driver-1.3910172,General,25/12/2016-00:30:23,"DRUNK DRIVER IN CANADA STOPPED BY MAN IN EXCAVATOR, HELD UNTIL POLICE ARRIVED"
http://www.foxnews.com/health/2016/12/23/oklahoma-mom-says-was-shamed-for-using-handicap-spot-while-carrying-disabled-son.html,General,25/12/2016-00:30:23,OKLAHOMA MOM SAYS SHE WAS SHAMED FOR USING HANDICAP SPOT WHILE CARRYING DISABLED SON
http://www.ajc.com/news/national/man-kills-roommate-fight-over-chores-police-say/xX0lyZ2TADIImQ2eadWaZL/,General,25/12/2016-00:30:23,"MAN KILLS ROOMMATE IN FIGHT OVER CHORES, POLICE SAY"
http://earthquake.usgs.gov/earthquakes/eventpage/us10007mbu#map,General,25/12/2016-00:30:23,"4.5 EARTHQUAKE IN CIMARRON, NEW MEXICO"
http://woodtv.com/2016/12/23/gov-rick-snyder-signs-law-authorizing-michigan-wolf-hunting/,General,25/12/2016-00:30:23,GOV. RICK SNYDER SIGNS LAW AUTHORIZING MICHIGAN WOLF HUNTING
http://www.mlive.com/news/ann-arbor/index.ssf/2016/12/video_shows_drunken_driving_ar.html,General,25/12/2016-00:30:23,VIDEO SHOWS DRUNKEN-DRIVING ARREST OF WASHTENAW POLICE LIEUTENANT
http://www.independent.co.uk/news/100-migrants-drown-italy-death-toll-united-nations-highest-ever-a7493206.html,General,25/12/2016-00:30:23,"100 PEOPLE FEARED DEAD IN MEDITERRANEAN TAKING TOLL FOR 2016 TO 5,000 – THE HIGHEST EVER"
http://www.chicagotribune.com/news/laquanmcdonald/ct-laquan-mcdonald-shooting-inspector-general-report-met-20161222-story.html,General,25/12/2016-00:30:23,"TOP POLICE BRASS DEFENDED LAQUAN MCDONALD SHOOTING AFTER SEEING VIDEO, RECORDS SHOW"
https://www.engadget.com/2016/12/22/usa-foreign-travelers-social-media/,General,25/12/2016-00:30:23,US STARTS ASKING FOREIGN TRAVELERS FOR THEIR SOCIAL MEDIA INFO
http://ksnt.com/2016/12/23/parents-charged-with-shooting-heroin-in-walmart-parking-lot-with-2-kids-in-car/,General,25/12/2016-00:30:23,PARENTS CHARGED WITH SHOOTING HEROIN IN WALMART PARKING LOT WITH 2 KIDS IN CAR
http://www.9news.com.au/national/2016/12/23/07/19/police-raids-underway-in-melbourne-suburb,General,25/12/2016-00:30:23,POLICE SAY THEY HAVE FOILED A TERROR PLOT LIKELY PLANNED FOR CHRISTMAS DAY IN MELBOURNE
http://www.wbrz.com/news/terrebonne-substitute-teacher-arrested-for-having-sex-with-teens,General,25/12/2016-00:30:23,TERREBONNE SUBSTITUTE TEACHER ARRESTED FOR HAVING SEX WITH TEENS
http://ktla.com/2016/12/23/norcal-gas-station-employee-burned-alive-at-work-in-brutal-attack-assailant-sought/,General,25/12/2016-00:30:23,NORCAL GAS STATION EMPLOYEE BURNED ALIVE AT WORK IN BRUTAL ATTACK; ASSAILANT SOUGHT
http://www.usatoday.com/story/news/2016/12/22/retailers-reporting-strong-marijuana-sales-holidays/95762702/,General,25/12/2016-00:30:23,RETAILERS REPORTING STRONG MARIJUANA SALES FOR THE HOLIDAYS
http://mainichi.jp/english/articles/20161223/p2a/00m/0na/006000c,General,25/12/2016-00:30:23,"OVER 5,000 TEACHERS IN JAPAN TOOK SICK LEAVE FOR MENTAL ILLNESS IN 2015 SCHOOL YEAR"
http://www.nytimes.com/2016/12/22/health/ebola-vaccine.html?_r=0,General,25/12/2016-00:30:23,NEW EBOLA VACCINE GIVES 100 PERCENT PROTECTION
http://www.theglobeandmail.com/report-on-business/canadian-economy-shrank-03-per-cent-in-october/article33421218/,General,25/12/2016-00:30:23,CANADA’S ECONOMY CONTRACTS ON WEAKEST FACTORY OUTPUT SINCE 2013
http://www.fox2detroit.com/news/local-news/225288983-story?utm_source=dlvr.it&utm_medium=twitter,General,25/12/2016-00:30:23,"POLICE: WOMAN BEATS SONS, 9 AND 7, FOR OPENING CHRISTMAS GIFTS EARLY"
http://www.reuters.com/investigates/special-report/usa-bodybrokers-industry/,General,25/12/2016-00:30:23,HOW A GREAT-GRANDMOTHER’S BODY CAME TO BE USED IN AN ARMY BLAST TEST
https://www.cnet.com/news/galaxy-note-7-wi-fi-hotspot-virgin-america-flight-lucas-wojciechowski/,General,25/12/2016-00:30:23,GALAXY NOTE 7 HOTSPOT NAME FREAKS OUT A FLIGHT
http://www.wsbtv.com/news/trending-now/church-facing-12000-fine-for-letting-homeless-people-sleep-on-property_/477981262,General,25/12/2016-00:30:23,"CHURCH FACING $12,000 FINE FOR LETTING HOMELESS PEOPLE SLEEP ON PROPERTY."
http://www.bbc.co.uk/news/uk-38386088,General,25/12/2016-00:30:23,"ROUGH SLEEPERS 'URINATED ON' BY PUBLIC, SURVEY FINDS - BBC NEWS."
http://www.9news.com/mb/life/pets/shelter-staff-celebrates-empty-kennels-after-successful-adoptions/374187601,General,25/12/2016-00:30:23,SHELTER STAFF CELEBRATES EMPTY KENNELS AFTER SUCCESSFUL ADOPTIONS
http://www.nytimes.com/2016/12/23/health/cancer-trials-immunotherapy.html,General,25/12/2016-00:30:25,"IN CANCER TRIALS, MINORITIES FACE EXTRA HURDLES"
http://www.reuters.com/article/us-usa-trump-passenger-idUSKBN14B25I,General,25/12/2016-00:30:25,PASSENGER REMOVED FROM FLIGHT AFTER CONFRONTATION WITH IVANKA TRUMP.
https://www.theguardian.com/us-news/2016/dec/22/texas-mother-daughter-arrest-fort-worth-jacqueline-craig,General,25/12/2016-00:30:25,MOTHER AND DAUGHTER WHO REPORT CHILD'S ASSAULT ARE AGGRESSIVELY ARRESTED ON TAPE
http://www.timesofisrael.com/fatah-uses-facebook-to-celebrate-murders-of-over-100-israelis/,General,25/12/2016-00:30:25,FATAH TAKES TO FACEBOOK TO CELEBRATE MURDERS OF OVER 100 ISRAELIS
http://www.independent.co.uk/news/world/americas/las-vegas-is-now-completely-powered-by-renewable-energy-a7491321.html,General,25/12/2016-00:30:25,LAS VEGAS IS NOW COMPLETELY POWERED BY RENEWABLE ENERGY
http://www.foxnews.com/world/2016/12/22/2-american-hikers-find-black-box-1985-plane-crash-in-bolivia-hand-it-to-ntsb.html,General,25/12/2016-00:30:25,"2 AMERICAN HIKERS FIND BLACK BOX OF 1985 PLANE CRASH IN BOLIVIA, HAND IT TO NTSB"
http://www.wgal.com/article/family-of-bears-killed-in-pa-after-eating-poisonous-plant/8531790,General,25/12/2016-00:30:25,FAMILY OF BEARS KILLED IN PA. AFTER EATING POISONOUS PLANT
https://www.bloomberg.com/news/videos/2016-12-23/shkreli-price-increase-has-stuck-happy-with-that,General,25/12/2016-00:30:25,"SHKRELI: PRICE INCREASE HAS STUCK, HAPPY WITH THAT"
http://www.bbc.com/news/uk-england-oxfordshire-38420960,General,25/12/2016-00:30:25,POLISH WOMAN ACCUSED OF CONTEMPT OF COURT GIVEN CHRISTMAS REPRIEVE
http://www.wisn.com/article/milwaukee-man-accused-of-stockpiling-weapons-in-suburbs/8526691,General,25/12/2016-00:30:25,MILWAUKEE MAN ACCUSED OF STOCKPILING WEAPONS IN SUBURBS
http://www.independent.co.uk/news/world/europe/drunk-driver-car-thruough-russia-airport-terminal-kazan-international-a7491951.html,General,25/12/2016-00:30:25,DRUNK MAN DRIVES CAR THROUGH RUSSIAN AIRPORT TERMINAL
http://www.independent.co.uk/news/uk/crime/police-officer-sex-rape-victim-mcdonalds-toilet-charlotte-peters-london-protection-assign-a7489926.html,General,25/12/2016-00:30:25,POLICE OFFICER WHO HAD SEX WITH RAPE VICTIM IN MCDONALD'S TOILET IS JAILED
http://www.walesonline.co.uk/news/wales-news/arsonists-devastate-allotment-site-run-12364453,General,25/12/2016-00:30:25,ARSONISTS DEVASTATE ALLOTMENT SITE RUN BY PEOPLE WITH LEARNING NEEDS
http://www.straitstimes.com/asia/east-asia/villager-in-china-uses-grenade-to-crack-open-walnuts-for-25-years,General,25/12/2016-00:30:25,VILLAGER IN CHINA USES GRENADE TO CRACK OPEN WALNUTS FOR 25 YEARS
http://www.nbcnews.com/news/us-news/white-texas-cop-s-arrest-three-black-women-appears-racist-n699416,General,25/12/2016-00:30:25,WHITE TEXAS COP'S ARREST OF THREE BLACK WOMEN APPEARS RACIST: LAWYER
https://www.bloomberg.com/news/articles/2016-12-23/xi-said-to-express-openness-to-growth-below-6-5-as-debt-climbs-ix1qz3tz,General,25/12/2016-00:30:25,PRESIDENT XI OPEN TO GROWTH IN CHINA FALLING BELOW 6.5%
https://www.theguardian.com/technology/2016/dec/21/oracle-executive-resigns-ceo-safra-catz-donald-trump,General,25/12/2016-00:30:25,ORACLE EXECUTIVE PUBLICLY RESIGNS AFTER CEO JOINS TRUMP'S TRANSITION TEAM
http://www.courant.com/community/manchester/hc-manchester-school-slide-1215-20161214-story.html,General,25/12/2016-00:30:25,RIFT OVER PLANNED INDOOR SLIDE AT ELEMENTARY SCHOOL
http://www.cbc.ca/news/canada/calgary/calgary-daniel-boria-balloon-man-plea-1.3908793,General,25/12/2016-00:30:25,MAN WHO FLEW OVER CALGARY ON A LAWN CHAIR TIED TO 120 BALLOONS FOUND GUILTY
http://www.aljazeera.com/news/2016/12/isil-burns-turkish-soldiers-alive-shocking-video-161223035619947.html,General,25/12/2016-00:30:25,ISIL VIDEO SHOWS 'TURKISH SOLDIERS BURNED ALIVE'
https://www.theguardian.com/us-news/2016/dec/22/california-police-kern-county-investigation-kamala-harris,General,25/12/2016-00:30:25,TWO 'DEADLIEST' POLICE DEPARTMENTS IN US TO BE INVESTIGATED IN CALIFORNIA
http://reuters.com/article/idINKBN14C1VZ,General,25/12/2016-00:30:25,FBI PROBES FDIC HACK LINKED TO CHINA'S MILITARY - SOURCES
http://www.fox4news.com/news/225061979-story,General,25/12/2016-00:30:25,FORT WORTH WOMAN BEING ARRESTED AFTER CALLING POLICE TO REPORT THAT A MAN HAD CHOKED HER 7-YEAR-OLD SON
http://www.telegraph.co.uk/news/2016/12/22/sexoffenderbanned-approaching-women-life/,General,25/12/2016-00:30:25,SEX OFFENDER BANNED FROM APPROACHING WOMEN FOR LIFE
http://www.chicagotribune.com/news/nationworld/midwest/ct-wisconsin-dells-water-slide-death-20161222-story.html,General,25/12/2016-00:30:25,BOY DIES AFTER FALL FROM WATER SLIDE IN WISCONSIN DELLS AREA
http://www.calgarysun.com/2016/12/22/pennsylvania-man-89-heads-out-to-store-ends-up-in-alabama,General,25/12/2016-00:30:27,"PENNSYLVANIA MAN, 89, HEADS OUT TO STORE, ENDS UP IN ALABAMA"
http://www.cnn.com/2016/12/22/us/fort-worth-police-facebook/index.html,General,25/12/2016-00:30:27,FORT WORTH POLICE INVESTIGATE ARREST CAUGHT ON VIDEO
http://www.nbcchicago.com/news/local/Something-Terrible-is-Going-to-Happen-Police-Investigate-After-Cards-Found-on-Hundreds-of-Cars-in-Chicago-Suburbs-407965345.html?_osource=SocialFlowFB_CHBrand,General,25/12/2016-00:30:27,'SOMETHING TERRIBLE IS GOING TO HAPPEN': POLICE INVESTIGATE AFTER CARDS FOUND ON HUNDREDS OF CARS IN CHICAGO SUBURBS
https://www.theguardian.com/us-news/2016/dec/22/robber-freed-90-years-early-by-mistake-says-he-reformed-while-free,General,25/12/2016-00:30:27,"A ROBBER SENT BACK TO PRISON AFTER BEING MISTAKENLY RELEASED EIGHT YEARS INTO HIS 98-YEAR SENTENCE ASKED A JUDGE ON WEDNESDAY TO SET HIM FREE AGAIN, ARGUING HE HAD STARTED A FAMILY, GOT A STEADY JOB AND REFORMED HIMSELF"
http://www.bbc.com/news/world-africa-38414060,General,25/12/2016-00:30:27,SUCCESSFUL EBOLA VACCINE WILL BE FAST-TRACKED FOR USE
http://www.bbc.com/news/education-38392802,General,25/12/2016-00:30:27,"FACEBOOK LURKING MAKES YOU MISERABLE, SAYS STUDY"
http://www.fox2detroit.com/news/local-news/225066115-story,General,25/12/2016-00:30:27,NFL PLAYER ADOPTS FAMILY OF FALLEN POLICE OFFICER FOR CHRISTMAS.
http://www.bbc.co.uk/news/world-europe-38416112,General,25/12/2016-00:30:27,LIBYAN PLANE IN 'POTENTIAL HIJACK'
http://www.cnbc.com/2016/12/23/consumer-sentiment-reports-for-december-2016.html,General,25/12/2016-00:30:27,CONSUMER SENTIMENT REPORTS FOR DECEMBER 2016
http://www.kare11.com/news/9th-dui-gets-woman-5-years-in-prison/376805722,General,25/12/2016-00:30:27,9TH DUI GETS WOMAN 5 YEARS IN PRISON
http://www.reuters.com/article/us-health-birdflu-china-idUSKBN14C0CX,General,25/12/2016-00:30:27,CHINA REPORTS FIRST TWO HUMAN DEATHS FROM BIRD FLU THIS WINTER
http://www.mcclatchydc.com/news/nation-world/national/national-security/article122259174.html,General,25/12/2016-00:30:27,POLICE USE OF CELL-TOWER SIMULATOR TRACKING DEVICES DRAWS CONCERN
http://www.bbc.co.uk/news/world-us-canada-38410027,General,25/12/2016-00:30:27,BBC NEWS: TRUMP WANTS EXPANDED NUCLEAR CAPABILITY
http://wfla.com/2016/12/21/pinellas-veteran-claims-40-year-cover-up-by-u-s-a-f/,General,25/12/2016-00:30:27,SCOTT NELMS CLAIMS A 40-YEAR COVER UP BY THE AIR FORCE MAY HAVE COST VETERANS AND THEIR FAMILIES DEARLY. NELMS SAID THE USAF SPRAYED SIGNIFICANT AMOUNTS OF THE TOXIC DEFOLIANT AGENT ORANGE AT BASES IN THAILAND.
http://www.msn.com/en-us/travel/news/delta-air-lines-changes-policy-after-black-doctor-was-stopped-from-helping-on-flight/ar-BBxpnUF?li=BBmkt5R&ocid=spartanntp_edu,General,25/12/2016-00:30:27,DELTA AIR LINES CHANGES POLICY AFTER BLACK DOCTOR WAS STOPPED FROM HELPING ON FLIGHT
http://www.independent.co.uk/news/people/barack-obama-prank-white-house-snowman-fear-phobia-instagram-photos-a7490796.html,General,25/12/2016-00:30:27,BARACK OBAMA PRANKED BY WHITE HOUSE STAFF OVER SNOWMAN FEARS
http://www.military.com/daily-news/2016/12/20/ecstasy-one-step-closer-approval-ptsd-treatment.html?ESRC=eb_161221.nl,General,25/12/2016-00:30:27,ECSTASY ONE STEP CLOSER TO APPROVAL AS PTSD TREATMENT
http://www.cbc.ca/news/canada/nova-scotia/human-trafficking-nova-scotia-gibson-skeir-threat-halifax-court-1.3907219,General,25/12/2016-00:30:27,HUMAN TRAFFICKER ARRESTED AND CHARGED. THREATENS 14 YEAR OLD VICTIM WHILE EXITING COURT
http://www.telegraph.co.uk/news/2016/12/23/three-british-airways-passengers-treated-like-rock-stars-found/,General,25/12/2016-00:30:27,THREE BRITISH AIRWAYS PASSENGERS TREATED LIKE 'ROCK STARS' WHEN THEY FOUND THEY WERE THE ONLY PEOPLE ON BOARD THEIR FLIGHT
http://www.mlive.com/news/grand-rapids/index.ssf/2016/12/he_terrified_a_lot_of_people_w.html,General,25/12/2016-00:30:27,"'HE TERRIFIED A LOT OF PEOPLE:' WITNESS WONDERS WHY FBI AGENT WAVED GUN, SHOT AT COPS"
http://www.cbc.ca/beta/news/canada/windsor/serial-animal-killer-london-1.3909757,General,25/12/2016-00:30:27,"ANIMAL SERIAL KILLER ON HE LOOSE IN LONDON, ONTARIO."
http://www.nbcnews.com/news/us-news/congress-calls-edward-snowden-liar-new-report-n699121,General,25/12/2016-00:30:27,CONGRESS REPORT CALLS SNOWDEN A LIAR WHO'S IN TOUCH WITH RUSSIAN SPIES
https://www.engadget.com/2016/12/22/peter-thiels-startup-helps-authorities-track-illegal-immigrant/,General,25/12/2016-00:30:27,PETER THIEL'S STARTUP HELPS AUTHORITIES TRACK ILLEGAL IMMIGRANTS
http://www.usatoday.com/story/money/cars/2016/12/22/volkswagen-group-3-liter-diesel-scandal-settlement-substantial/95711452/,General,25/12/2016-00:30:27,JUDGE WARNS VW OWNERS NOT TO STRIP DIESEL CARS FOR BUYBACKS
https://www.theguardian.com/world/2016/dec/23/german-police-arrest-men-alleged-shopping-centre-plot-oberhausen,General,25/12/2016-00:30:27,GERMAN POLICE ARREST TWO MEN OVER ALLEGED PLOT TO ATTACK SHOPPING CENTRE
http://www.nytimes.com/2016/12/22/nyregion/obama-to-dismantle-visitor-registry-before-trump-can-revive-it.html,General,25/12/2016-00:30:29,OBAMA TO DISMANTLE VISITOR REGISTRY BEFORE TRUMP CAN REVIVE IT
https://www.justice.gov/usao-edny/pr/odebrecht-and-braskem-plead-guilty-and-agree-pay-least-35-billion-global-criminal,General,25/12/2016-00:30:29,ODEBRECHT AND BRASKEM PLEAD GUILTY AND AGREE TO PAY AT LEAST $3.5 BILLION IN GLOBAL CRIMINAL PENALTIES TO RESOLVE LARGEST FOREIGN BRIBERY CASE IN HISTORY
http://turnto10.com/news/local/man-orders-gift-from-amazon-for-child-receives-sex-toy-instead,General,25/12/2016-00:30:29,"MAN ORDERS GIFTS FROM AMAZON FOR CHILDREN, SAYS HE RECEIVES SEX TOYS INSTEAD"
https://www.airforcetimes.com/articles/air-force-track-review,General,25/12/2016-00:30:29,AIR FORCE FINDS 17 BASES HAVE TOO-LONG PT TRACKS; PROMISES REMEDY FOR WRONGFUL FAILURES
http://www.telegraph.co.uk/money/consumer-affairs/whirlpool-dryer-scandal-watchdogs-face-legal-action-failures/,General,25/12/2016-00:30:29,WHIRLPOOL DRYER SCANDAL: WATCHDOGS FACE LEGAL ACTION OVER 'FAILURES'
http://www.reuters.com/investigates/special-report/usa-uncounted-outbreaks/,General,25/12/2016-00:30:29,"HOW HOSPITALS, NURSING HOMES KEEP DEADLY 'SUPERBUG' OUTBREAKS SECRET"
http://www.kwch.com/content/news/Body-cam-video-shows--407962085.html,General,25/12/2016-00:30:29,VIDEO SHOWS DEPUTY USE TASER ON MAN AT NURSING HOME
http://www.bbc.co.uk/news/health-38392548,General,25/12/2016-00:30:29,MULTIPLE SCLEROSIS DRUG 'A LANDMARK'
https://apnews.com/4e14f73be8df4caf90643cd2d757054c/Arrest-in-'Vote-Trump'-burning-of-Mississippi-black-church,General,25/12/2016-00:30:29,ARREST IN 'VOTE TRUMP' BURNING OF MISSISSIPPI BLACK CHURCH
http://www.msn.com/en-us/news/other/stray-dog-found-carrying-child-remains-in-mouth/ar-BBxo9Wk?ocid=spartandhp,General,25/12/2016-00:30:29,STRAY DOG FOUND CARRYING CHILD REMAINS IN MOUTH
http://www.reuters.com/article/2016/12/22/us-barclays-mortgages-idUSKBN14B29A?utm_source=applenews,General,25/12/2016-00:30:29,U.S. SUES BARCLAYS FOR MORTGAGE SECURITIES FRAUD
http://www.fox16.com/news/local-news/breakingarrest-made-in-death-of-three-year-old-acen-king/630504745,General,25/12/2016-00:30:29,"ARREST MADE IN DEATH OF THREE-YEAR-OLD, ACEN KING"
https://www.washingtonpost.com/news/post-nation/wp/2016/12/22/a-black-mother-told-police-a-white-man-assaulted-her-child-they-arrested-her-instead/?utm_term=.5cbae98b766e,General,25/12/2016-00:30:29,A BLACK MOTHER TOLD POLICE A WHITE MAN ASSAULTED HER CHILD. THEY ARRESTED HER INSTEAD.
http://www.bbc.com/news/world/europe,General,25/12/2016-00:30:29,GERMANY ARRESTS TWO ON TERROR CHARGES
https://endpts.com/the-senate-autopsies-martin-shkrelis-scheme-to-grab-a-1b-windfall/,General,25/12/2016-00:30:29,THE SENATE AUTOPSIES MARTIN SHKRELI’S SCHEME TO GRAB A $1B WINDFALL
http://www.nbcnewyork.com/news/national-international/Austin-Man-Fatally-Stabs-Stepmom-Gloating-About-Cowboys-Win-407823115.html,General,25/12/2016-00:30:29,WOMAN KILLED AFTER 'GLOATING' OVER COWBOYS' WIN: POLICE
http://www.kansascity.com/news/local/article122430344.html,General,25/12/2016-00:30:29,"THREATS, BULLYING HIT FAMILY OF KC TRANSGENDER GIRL ON COVER OF NATIONAL GEOGRAPHIC."
http://www.star-telegram.com/news/local/community/fort-worth/article122405439.html,General,25/12/2016-00:30:29,"FORT WORTH POLICE ARREST WOMEN AFTER UGLY CONFRONTATION, WHICH WAS CAUGHT ON VIDEO"
http://montreal.ctvnews.ca/spca-will-stop-accepting-montreal-dogs-this-spring-1.3214263,General,25/12/2016-00:30:29,SPCA WILL STOP ACCEPTING MONTREAL DOGS THIS SPRING
http://abcnews.go.com/International/wireStory/authorities-godfather-grass-arrested-canada-44357946,General,25/12/2016-00:30:29,AUTHORITIES: 'GODFATHER OF GRASS' ARRESTED IN CANADA
http://abcnews.go.com/Health/wireStory/pope-denounces-resistance-reform-christmas-greeting-44341665,General,25/12/2016-00:30:29,POPE IN CHRISTMAS SPEECH BLASTS VATICAN RESISTANCE TO REFORM
http://www.wsj.com/articles/u-s-sues-barclays-over-mortgage-securities-in-rare-step-1482437193,General,25/12/2016-00:30:29,U.S. SUES BARCLAYS OVER TOXIC MORTGAGE-BACKED SECURITIES
http://www.wralsportsfan.com/duke-s-allen-says-no-excuse-for-3rd-trip-in-past-year/16361941/,General,25/12/2016-00:30:29,DUKE GIVES ALLEN INDEFINITE SUSPENSION FROM TEAM AFTER TRIP
http://www.foxnews.com/us/2016/12/22/police-private-investigator-shoots-teen-displaying-fake-gun.html,General,25/12/2016-00:30:29,POLICE: PRIVATE INVESTIGATOR SHOOTS TEEN DISPLAYING FAKE GUN
http://www.france24.com/en/20161221-france-police-greater-freedom-guns-security,General,25/12/2016-00:30:30,FRANCE PUSHES TO GIVE POLICE GREATER FREEDOM TO USE THEIR GUNS
https://kominactie.3fm.nl/actie/lak-aan,General,25/12/2016-00:30:31,SIX-YEAR-OLD TIJN IS TERMINALLY ILL AND WANTS TO RAISE AS MUCH MONEY AS POSSIBLE TO HELP OTHER CHILDREN
https://www.bloomberg.com/news/articles/2016-12-22/u-s-economic-growth-revised-up-to-3-5-pace-in-third-quarter,General,25/12/2016-00:30:31,U.S. ECONOMIC GROWTH REVISED UP TO 3.5% PACE IN THIRD QUARTER
http://www.nytimes.com/2016/12/21/us/north-carolina-fails-to-repeal-bathroom-law-that-prompted-boycotts.html?_r=0,General,25/12/2016-00:30:31,NORTH CAROLINA FAILS TO REPEAL BATHROOM LAW THAT PROMPTED BOYCOTTS
http://www.wsj.com/articles/percentage-of-young-americans-living-with-parents-rises-to-75-year-high-1482316203,General,25/12/2016-00:30:31,PERCENTAGE OF YOUNG AMERICANS LIVING WITH PARENTS RISES TO 75-YEAR HIGH
http://www.startribune.com/chiropractors-charged-with-insurance-fraud/407806046/,General,25/12/2016-00:30:31,MINNESOTA CHIROPRACTORS CHARGED WITH 'SIMPLE BUT WIDESPREAD' INSURANCE FRAUD
http://reuters.com/article/idUSKBN14C041?utm_source=applenews,General,25/12/2016-00:30:31,DEUTSCHE BANK AGREES TO $7.2 BILLION MORTGAGE SETTLEMENT WITH U.S.
http://www.nytimes.com/aponline/2016/12/22/world/europe/ap-eu-germany-christmas-market-the-latest.html,General,25/12/2016-00:30:31,THE LATEST: BERLIN ATTACK SUSPECT REPORTED VIDEOED AT MOSQUE
http://www.dallasnews.com/news/crime/2016/12/22/arrest-video-sparks-debate-fort-worth-officer-detained-woman-daughter,General,25/12/2016-00:30:31,"ARREST VIDEO SPARKS OUTRAGE OVER HOW FORT WORTH OFFICER DETAINED WOMAN, DAUGHTER | CRIME"
http://www.clickondetroit.com/news/ann-arbor-police-womans-story-about-being-force-to-remove-hijab-did-not-occur,General,25/12/2016-00:30:31,ANN ARBOR POLICE: WOMAN'S STORY ABOUT BEING FORCED TO REMOVE HIJAB DID NOT OCCUR
https://www.yahoo.com/news/chicago-mayor-releases-1000s-emails-private-accounts-003422656--politics.html,General,25/12/2016-00:30:31,THE CITY OF CHICAGO RELEASED THOUSANDS OF EMAIL MESSAGES FROM MAYOR RAHM EMANUEL'S PERSONAL ACCOUNTS ON WEDNESDAY AS PART OF A SETTLEMENT WITH A GOVERNMENT WATCHDOG ORGANIZATION.
http://www.sfgate.com/crime/article/Pregnant-woman-held-face-down-by-BART-police-said-10812015.php,General,25/12/2016-00:30:31,WOMAN SAYS SHE SUFFERED MISCARRIAGE DUE TO EXCESSIVE USE OF FORCE BY BART POLICE
http://www.foxnews.com/health/2016/12/22/nurse-credited-with-saving-student-who-had-blood-clot-near-brain-stem.html?refresh=true,General,25/12/2016-00:30:31,NURSE CREDITED WITH SAVING STUDENT WHO HAD BLOOD CLOT NEAR BRAIN STEM
https://www.theguardian.com/uk-news/2016/dec/22/activist-can-sue-trump-golf-resort-for-breach-of-privacy-court-rules,General,25/12/2016-00:30:31,"ACTIVIST CAN SUE TRUMP GOLF RESORT FOR BREACH OF PRIVACY, COURT RULES | UK NEWS"
http://www.nytimes.com/2016/12/22/us/usa-population-growth.html?module=WatchingPortal&region=c-column-middle-span-region&pgType=Homepage&action=click&mediaId=thumb_square&state=standard&contentPlacement=1&version=internal&contentCollection=www.nytimes.com&contentId=http%3A%2F%2Fwww.nytimes.com%2F2016%2F12%2F22%2Fus%2Fusa-population-growth.html&eventName=Watching-article-click,General,25/12/2016-00:30:31,GROWTH OF U.S. POPULATION IS AT SLOWEST PACE SINCE 1937
http://www.orlandosentinel.com/news/breaking-news/os-rambo-gator-wins-20161222-story.html,General,25/12/2016-00:30:31,FLORIDA WOMAN PLANS MERRY CHRISTMAS AFTER WINNING RIGHT TO KEEP ALLIGATOR
http://www.usatoday.com/story/news/world/2016/12/22/islamic-state-urges-attacks-us-churches-during-holidays/95746982/,General,25/12/2016-00:30:31,ISIL ISSUES HIT LIST OF U.S. CHURCHES FOR HOLIDAY ATTACKS
http://www.npr.org/sections/goatsandsoda/2016/12/22/506600875/first-ebola-vaccine-likely-to-stop-the-next-outbreak,General,25/12/2016-00:30:31,FIRST EBOLA VACCINE LIKELY TO STOP THE NEXT OUTBREAK
https://www.theguardian.com/world/2016/dec/22/tsai-ing-wen-taiwan-president-us-visit-china-donald-trump,General,25/12/2016-00:30:31,TAIWAN'S PRESIDENT TO VISIT US DESPITE OBJECTIONS FROM CHINA | WORLD NEWS
http://abc7chicago.com/news/mall-elf-charged-after-spraying-family-with-mace/1668707/,General,25/12/2016-00:30:31,MALL ELF CHARGED AFTER SPRAYING FAMILY WITH MACE
http://www.bbc.co.uk/news/uk-england-38411140,General,25/12/2016-00:30:31,ANOTHER PRISON RIOT ONGOING IN KENT
http://www.wsj.com/graphics/1mdb-how-a-malaysian-scandal-spread-across-the-world/,General,25/12/2016-00:30:31,THE WOLF OF WALL STREET MOVIE WAS PARTIALLY FUNDED BY A MALAYSIAN GOVERNMENT SLUSH FUND.
https://www.yahoo.com/style/walmart-pulls-bulletproof-black-lives-matter-shirts-after-police-complain-184102650.html,General,25/12/2016-00:30:31,WALMART PULLS ‘BULLETPROOF: BLACK LIVES MATTER’ SHIRTS AFTER POLICE COMPLAIN
http://www.bbc.co.uk/news/world-africa-38382837,General,25/12/2016-00:30:31,"HUNDREDS OF KENYAN GIRLS ARE PREPARING TO SPEND CHRISTMAS IN SCHOOLS, RATHER THAN WITH THEIR FAMILIES, FEARING THAT THEIR PARENTS WILL FORCE THEM TO UNDERGO FEMALE GENITAL MUTILATION (FGM)."
